season,celebrity,judge_score_mean,fan_share_mean,fan_votes_mean,weeks_survived,ballroom_partner,celebrity_industry,celebrity_age_during_season,celebrity_homestate,Industry_Group,Region_Group,Age_Squared,Y_Judge,Y_Fan,Rank_Judge,Rank_Fan,Rank_Gap,Pred_Judge,Pred_Fan,Residual_Judge,Residual_Fan
15,Sabrina Bryan,8.883333333333333,0.078369474919607,102068.2788064189,5,Louis van Amstel,Actor/Actress,28,California,Actor,West,784,1.1403666228218254,-0.6155352910248715,59.5,295.0,-235.5,0.62480227011321,0.47615036143040207,0.5155643527086154,-1.0916856524552736
29,Nev Schulman,8.787872727272728,0.08497689442781729,172591.05640359945,11,Jenna Johnson,Producer,35,New York,Other,Northeast,1225,1.0684409848921979,-0.4466277152449768,76.0,265.0,-189.0,0.07225445406558004,0.23602692444136197,0.9961865308266178,-0.6826546396863388
30,Olivia Jade,8.321428571428571,0.07557336961062681,124141.4910685964,7,Valentin Chmerkovskiy,Social Media Personality,21,California,Other,West,441,0.7169945102454937,-0.6870130243182219,123.0,305.0,-182.0,0.6995237022421137,0.2441964685098339,0.017470808003379967,-0.9312094928280558
